Rk,Player,Pos,Age,Tm,G,MP,PER,TS%,3PAr,FTr,ORB%,DRB%,TRB%,AST%,STL%,BLK%,TOV%,USG%,,OWS,DWS,WS,WS/48,,OBPM,DBPM,BPM,VORP
1,Kareem Abdul-Jabbar*,C,37,LAL,79,2630,22.9,0.628,0.001,0.327,7.7,18.2,13.5,13.1,1.1,3.3,12.5,24.3,,7.6,3.6,11.2,0.204,,3.9,1.2,5.1,4.8
2,Alvan Adams,PF,30,PHO,82,2136,19.8,0.578,0,0.309,8.2,18.1,13.3,21.8,2.5,1.3,15.9,23.6,,3.5,3.3,6.8,0.152,,2.3,1.7,4,3.2
3,Mark Aguirre,SF,25,DAL,80,2699,21.3,0.563,0.054,0.37,7.8,12.5,10.1,15.3,1.1,0.5,12.2,32.2,,5.3,1.9,7.2,0.128,,3.5,-1.7,1.8,2.6
4,Danny Ainge,SG,25,BOS,75,2564,14.2,0.57,0.071,0.172,3.4,7.9,5.8,19.9,2.2,0.1,14.9,15.9,,3.9,2.8,6.6,0.124,,-0.1,0.8,0.7,1.8
5,Chuck Aleksinas,C,25,GSW,74,1114,9.1,0.509,0.003,0.223,8.1,20.1,13.6,4.4,0.6,0.8,16.3,15.6,,0.1,0.4,0.4,0.019,,-3.8,-1.9,-5.6,-1
6,J.J. Anderson,SF,24,UTA,44,457,8.2,0.441,0.013,0.302,6.7,11.7,9.3,6.2,2.9,1.1,15.9,17.5,,-0.6,0.8,0.2,0.025,,-4.9,1.2,-3.7,-0.2
7,Ron Anderson,SF,26,CLE,36,520,10.7,0.484,0.01,0.256,8.1,10.2,9.2,9.1,0.8,0.7,13.5,19.4,,0,0.3,0.3,0.032,,-1.2,-1.4,-2.6,-0.1
8,John Bagley,PG,24,CLE,81,2401,16,0.524,0.038,0.241,2.4,10.7,6.6,39.4,2.5,0.1,21.3,16.3,,2.3,2.3,4.6,0.092,,1.3,0.4,1.7,2.2
9,James Bailey,PF,27,NYK,74,1297,7.9,0.485,0.003,0.309,10.6,20.4,15.4,4,1.1,2.4,20.1,15.8,,-0.8,1.4,0.6,0.021,,-5.5,-0.4,-5.8,-1.3
10,Thurl Bailey,PF,23,UTA,80,2481,14.7,0.533,0.001,0.226,6.5,15.1,10.9,8.2,0.9,2.3,11.8,20.6,,1.6,3.8,5.4,0.104,,-0.6,0.5,-0.2,1.2
11,Greg Ballard,SF,30,WSB,82,2664,14.3,0.513,0.047,0.154,6.1,16.2,11,10.9,1.8,0.7,9.2,18,,2.1,3.9,6,0.109,,-0.3,0.9,0.6,1.7
12,Gene Banks,SF,25,SAS,82,2091,14.5,0.642,0.006,0.521,7.4,16.4,12,14,1.4,0.3,18.8,14.3,,3.9,1.8,5.6,0.13,,1,0.2,1.2,1.7
13,Ken Bannister,PF,24,NYK,75,1404,7.3,0.481,0,0.431,8.7,18.9,13.6,3.9,1.3,1.7,21,19.7,,-2.2,1.4,-0.8,-0.028,,-6.2,-0.9,-7.1,-1.8
14,Charles Barkley*,PF,21,PHI,82,2347,18.3,0.599,0.008,0.511,12.9,20.8,16.9,9.6,1.9,2,17.9,20,,4.2,3.3,7.5,0.154,,1.3,0.4,1.7,2.2
15,Kent Benson,C,30,DET,72,1401,12.6,0.545,0.008,0.237,7.4,17.2,12.1,8,1.7,1.7,13.4,13.9,,1.5,1.9,3.3,0.113,,-1.3,1.6,0.2,0.8
16,Larry Bird*,SF,28,BOS,80,3161,26.5,0.585,0.074,0.26,6,22.6,14.7,25.7,1.9,1.7,11.2,28.5,,10.5,5.2,15.7,0.238,,6.8,2,8.8,8.7
17,Otis Birdsong,SG,29,NJN,56,1842,18.1,0.534,0.022,0.268,3.5,5.5,4.5,19.3,2.2,0.2,9.8,26.3,,2.8,1.4,4.2,0.109,,1.7,-0.5,1.2,1.5
18,Rolando Blackman,SG,25,DAL,81,2834,17.7,0.566,0.016,0.336,4.2,7.9,6,15.1,1,0.3,10.3,23.2,,5.8,1.4,7.3,0.123,,2.2,-1.4,0.9,2
19,Cory Blackwell,SF,21,SEA,60,551,6.4,0.387,0.008,0.232,8.8,11.4,10.1,7,2.2,0.3,14.4,23.2,,-1.5,0.5,-0.9,-0.081,,-6,-1.8,-7.9,-0.8
20,Sam Bowie,C,23,POR,76,2216,15.7,0.578,0,0.404,10.5,22.6,16.6,12.2,1.2,5,20.8,14.8,,2.2,3.5,5.7,0.123,,-0.3,2.3,2,2.2
21,Dudley Bradley,SG,27,WSB,73,1232,12.2,0.536,0.214,0.264,3,9.2,6,18.1,3.7,1,20.1,14.1,,0.3,2.1,2.4,0.093,,-2.3,3.8,1.5,1.1
22,Mike Bratz,PG,29,GSW,56,746,12.8,0.502,0.104,0.328,1.5,7.7,4.4,22.1,2.9,0.3,15.9,17.9,,0.4,0.4,0.8,0.05,,-1.5,-0.1,-1.6,0.1
23,Randy Breuer,C,24,MIL,78,1083,13.4,0.554,0,0.401,9.5,16.7,13.1,4.9,0.9,4.5,14.5,16.4,,1.1,1.9,3,0.133,,-1.8,1.3,-0.5,0.4
24,Ron Brewer,SG,29,TOT,20,326,13.3,0.57,0.017,0.212,3,4.2,3.6,7,0.9,1.1,6.5,17.1,,0.6,0.2,0.8,0.111,,0.3,-1.3,-1,0.1
24,Ron Brewer,SG,29,SAS,9,81,6.9,0.445,0,0.206,1.4,2.7,2.1,9.6,0.6,0.7,9.7,20.3,,0,0,0,-0.008,,-4.2,-2.5,-6.7,-0.1
24,Ron Brewer,SG,29,NJN,11,245,15.5,0.62,0.024,0.214,3.5,4.7,4.1,6.2,1,1.2,5.2,16,,0.6,0.1,0.8,0.15,,1.8,-0.8,0.9,0.2
25,Frank Brickowski,C,25,SEA,78,1115,10.5,0.533,0.013,0.416,7.9,19.1,13.5,12.9,1.5,0.8,21.7,17.3,,-0.3,1.3,1,0.042,,-3.5,0.3,-3.2,-0.3
26,Junior Bridgeman,SF,31,LAC,80,2042,14.8,0.516,0.039,0.208,3.1,9.2,6.2,12.5,1.1,0.5,9.7,23.9,,2.2,0.9,3.1,0.074,,-0.2,-1.2,-1.4,0.3
27,Rickey Brown,C,26,ATL,69,814,7.5,0.439,0,0.354,10.4,19.5,15,4,1.1,1.5,18.7,13.8,,-0.6,1,0.4,0.024,,-4.3,0.1,-4.1,-0.5
28,Tony Brown,SF,24,IND,82,1586,10.8,0.503,0.013,0.368,9.6,9.5,9.6,13.4,1.7,0.4,17.7,16.3,,0.4,1.4,1.8,0.054,,-1.6,-0.1,-1.7,0.1
29,Wallace Bryant,C,25,DAL,56,860,10.3,0.49,0,0.297,9.6,22.6,16,11.9,1.2,1.6,21.6,10.4,,0.3,1,1.3,0.073,,-1.9,1.2,-0.7,0.3
30,Quinn Buckner,PG,30,BOS,75,858,7.5,0.419,0.005,0.259,3.5,7.5,5.6,20.1,3.5,0.1,23.8,13.4,,-0.7,1.2,0.5,0.027,,-5.2,2,-3.1,-0.3
31,Steve Burtt,SG,22,GSW,47,418,7.4,0.444,0.005,0.41,2.5,5.3,3.8,6.8,2.3,0.5,12.9,23.9,,-0.5,0.1,-0.4,-0.043,,-6,-1.5,-7.5,-0.6
32,Don Buse,PG,34,KCK,65,939,10.5,0.504,0.429,0.148,2.6,4.8,3.7,25.7,1.9,0.1,17.2,11,,1,0.2,1.3,0.064,,0.2,-0.1,0,0.5
33,Michael Cage,PF,23,LAC,75,1610,12.5,0.582,0,0.344,9,17.7,13.5,4.2,1.2,1.1,15,13.7,,1.8,1.4,3.2,0.096,,-1.3,-0.2,-1.5,0.2
34,Tony Campbell,SF,22,DET,56,625,10.3,0.54,0.004,0.267,6.6,8.4,7.4,5.1,2,0.3,19.1,22.2,,-0.2,0.6,0.4,0.031,,-4.3,-0.7,-5,-0.5
35,Rick Carlisle,SG,25,BOS,38,179,7.2,0.45,0.03,0.254,5.2,7.7,6.5,17.5,0.8,0,20.3,21.3,,-0.2,0.1,-0.1,-0.021,,-5.2,-2.3,-7.5,-0.3
36,Antoine Carr,PF,23,ATL,62,1195,13,0.578,0.016,0.341,7.3,13.8,10.6,9.5,1.2,3.7,20,18.6,,0.6,1.5,2.1,0.084,,-2.6,1.3,-1.3,0.2
37,Kenny Carr,PF,29,POR,48,1120,13.4,0.572,0.008,0.452,9,23.2,16.1,6.6,1,0.8,18.7,18.9,,0.7,1.4,2.1,0.091,,-1.5,-0.9,-2.4,-0.1
38,M.L. Carr,SF,34,BOS,47,397,9.9,0.479,0.154,0.114,6.1,5.8,6,7.7,2.5,0.8,13.3,18.5,,0,0.5,0.4,0.05,,-2.5,0,-2.5,-0.1
39,Butch Carter,SG,26,NYK,69,1279,11.5,0.512,0.09,0.282,3.2,5.5,4.3,18.7,2.2,0.2,16.9,20.8,,0.1,0.8,0.9,0.032,,-1.6,-0.6,-2.2,-0.1
40,Howard Carter,SG,23,DAL,11,66,-7.4,0.192,0.13,0.043,1.7,3.5,2.6,7.3,0.7,0,25.4,19.9,,-0.4,0,-0.4,-0.309,,-11,-4.5,-15.5,-0.2
41,Harvey Catchings,C,33,LAC,70,1049,7.8,0.539,0.007,0.597,9.7,17.7,13.8,1.6,0.7,2.9,22.6,9.5,,0.1,1,1.1,0.05,,-4.1,0.4,-3.7,-0.5
42,Ron Cavenall,C,25,NYK,53,653,4.1,0.378,0,0.453,9.2,20.7,14.7,3.5,0.9,3.9,30.4,9.4,,-1,0.7,-0.2,-0.016,,-6.4,0.6,-5.8,-0.6
43,Tom Chambers,PF,25,SEA,81,2923,16.5,0.56,0.017,0.439,6.5,16.5,11.5,11.6,1.2,1.1,14.3,26,,3.1,2.9,5.9,0.098,,0,-0.6,-0.6,1
44,Maurice Cheeks*,PG,28,PHI,78,2616,17.6,0.619,0.035,0.269,2.4,7,4.7,26.8,3.1,0.5,15.8,15.1,,6.2,2.8,9,0.165,,2.2,1.5,3.7,3.8
45,Carlos Clark,SG,24,BOS,62,562,8.9,0.482,0.033,0.349,6,7.5,6.8,10.3,2.9,0.2,19.3,15.8,,-0.2,0.7,0.5,0.044,,-3.5,1.3,-2.2,0
46,Don Collins,SG,26,WSB,11,91,12.9,0.421,0,0.265,11.8,11.2,11.5,10.1,3.7,2.5,17.4,21,,-0.1,0.2,0,0.025,,-1.1,1.8,0.7,0.1
47,Steve Colter,PG,22,POR,78,1462,12.5,0.52,0.155,0.273,3.1,8.4,5.7,21.2,2.4,0.3,17.3,17.5,,0.9,1.4,2.3,0.076,,-0.8,0,-0.8,0.4
48,Lester Conner,PG,25,GSW,79,2258,13.1,0.508,0.037,0.352,4,8.6,6.1,21.2,3.3,0.3,18,13.3,,1.5,1.3,2.8,0.06,,-0.7,1,0.3,1.3
49,Darwin Cook,PG,26,NJN,58,1063,14.3,0.496,0.051,0.119,2.1,7.7,4.9,20.8,3.3,0.5,13.6,21,,0.3,1.2,1.6,0.071,,-1.4,1.2,-0.2,0.5
50,Jeff Cook,PF,28,TOT,72,1288,9.6,0.526,0.004,0.229,10.8,16.3,13.6,6,1.1,1,13.5,11.1,,1.2,1.1,2.3,0.085,,-2.1,-0.3,-2.4,-0.1
50,Jeff Cook,PF,28,CLE,18,440,8.8,0.466,0.01,0.257,10.1,15.5,12.8,6.8,0.5,1.1,12,12.1,,0.2,0.3,0.5,0.056,,-2.2,-0.3,-2.5,-0.1
50,Jeff Cook,PF,28,SAS,54,848,10,0.562,0,0.213,11.1,16.7,14,5.6,1.4,0.9,14.4,10.5,,1,0.8,1.8,0.1,,-2.1,-0.3,-2.4,-0.1
51,Joe Cooper,C,27,SEA,3,45,13.2,0.482,0,0.4,7.7,15.5,11.6,6.6,2.1,1.3,0,16.4,,0.1,0.1,0.1,0.117,,-3.5,-0.8,-4.3,0
52,Michael Cooper,SG,28,LAL,82,2189,12.9,0.539,0.207,0.224,3.2,9.5,6.6,22.4,2,1.2,19.3,14.9,,2.3,2.3,4.6,0.102,,0.4,1.1,1.5,1.9
53,Wayne Cooper,C,28,DEN,80,2031,15.1,0.505,0.002,0.275,11.3,22.5,16.6,5.4,0.6,5.4,13.4,20.6,,0.9,2.6,3.5,0.082,,-2.1,-0.3,-2.4,-0.2
54,Dave Corzine,C,28,CHI,82,2062,11.8,0.534,0.002,0.352,7.5,16,11.9,9.2,0.7,1.8,15.9,15.8,,1.3,1.6,2.9,0.067,,-0.8,-0.4,-1.3,0.4
55,Charlie Criss,PG,36,ATL,4,115,6.9,0.458,0.118,0.353,1.9,11.3,6.7,23.7,1.3,0,35.9,11,,-0.1,0.1,0,-0.012,,-3.3,1,-2.3,0
56,Pat Cummings,C,28,NYK,63,2069,14.3,0.556,0.005,0.285,7.6,21.9,14.5,7.9,1.2,0.5,15.6,21.2,,1.3,2,3.3,0.077,,-0.5,-1,-1.5,0.3
57,Terry Cummings,PF,23,MIL,79,2722,22.1,0.536,0.001,0.302,10,19.1,14.6,13.5,2.1,1.5,9.9,28.8,,5.6,5.1,10.7,0.189,,3.6,0.7,4.3,4.3
58,Earl Cureton,C,27,DET,81,1642,10.2,0.505,0.007,0.336,10.3,16.6,13.3,6,1.6,1.4,18.8,14.1,,0,2,2,0.06,,-2.6,0.4,-2.2,-0.1
59,Quintin Dailey,SG,24,CHI,79,2101,15.2,0.517,0.027,0.226,3.2,8.1,5.7,14.6,1.6,0.1,11.2,27.3,,1.4,1.2,2.6,0.059,,-0.5,-1.5,-2.1,-0.1
60,Adrian Dantley*,SF,29,UTA,55,1971,21.9,0.607,0,0.565,8,9,8.5,15.2,1.3,0.2,12.4,27.7,,5.6,2.3,8,0.194,,4.2,-0.5,3.8,2.9
61,Brad Davis,PG,29,DAL,82,2539,15.2,0.596,0.187,0.29,1.7,7.1,4.3,29.5,1.7,0.2,15.1,13.4,,5.7,1.7,7.4,0.14,,1.1,-0.1,1,1.9
62,Charles Davis,SF,26,TOT,61,774,11.1,0.467,0.028,0.174,8.5,13.4,11,9.4,1.4,0.4,12.3,23,,-0.1,1.1,1,0.06,,-2.9,-1,-3.9,-0.4
62,Charles Davis,SF,26,WSB,4,28,1,0.298,0,0.4,7.7,8.1,7.9,4.4,1.7,0,14.5,20.5,,-0.1,0,-0.1,-0.127,,-8.1,-0.6,-8.7,0
62,Charles Davis,SF,26,MIL,57,746,11.4,0.472,0.029,0.168,8.5,13.6,11.1,9.6,1.4,0.4,12.3,23.1,,0,1.1,1,0.067,,-2.7,-1,-3.7,-0.3
63,Johnny Davis,PG,29,CLE,76,1920,14.7,0.51,0.058,0.379,2,4.7,3.4,31.6,1.1,0.1,14.1,22.5,,2.3,0.8,3,0.076,,1.2,-1.9,-0.7,0.6
64,Walter Davis,SG,30,PHO,23,570,14.9,0.506,0.032,0.236,1.2,5.7,3.5,26.8,1.5,0,12.8,27.9,,0.2,0.4,0.6,0.05,,-0.6,-2.1,-2.7,-0.1
65,Darryl Dawkins,C,28,NJN,39,972,14.5,0.616,0.003,0.593,6.1,15,10.4,6.4,0.7,2.1,17.9,21.6,,1.2,0.9,2.1,0.104,,-1.9,-0.8,-2.7,-0.2
66,Darren Daye,SF,24,WSB,80,1573,15.7,0.566,0.014,0.494,6.4,12.9,9.5,21,1.6,0.7,17.9,19.8,,1.8,2.1,3.8,0.117,,0.4,0.8,1.1,1.2
67,James Donaldson,C,27,LAC,82,2392,14.6,0.679,0,0.55,8,22.4,15.5,2.7,0.6,2.9,23.1,15.2,,2.5,2.5,5,0.101,,-1,0.3,-0.7,0.8
68,John Drew,SF,30,UTA,19,463,15.2,0.491,0.015,0.469,8.2,10,9.2,11.6,2.2,0.2,11.8,30.5,,0,0.7,0.7,0.07,,-2.2,-0.9,-3.1,-0.1
69,Larry Drew,PG,26,KCK,72,2373,14.7,0.538,0.031,0.212,1.9,6,3.9,27.8,1.8,0.2,15.2,19.6,,2.9,0.7,3.6,0.073,,1,-1.2,-0.1,1.1
70,Clyde Drexler*,SG,22,POR,80,2555,19.7,0.534,0.032,0.253,9.5,11.3,10.4,24.4,3.2,1.5,14.7,23.5,,4,3.5,7.5,0.141,,2.9,1.4,4.3,4.1
71,Mike Dunleavy,PG,30,MIL,19,433,12.3,0.572,0.348,0.215,1.5,6.4,4,26.1,1.7,0.4,21.3,17.7,,0.4,0.5,1,0.105,,0.1,0.4,0.5,0.3
72,T.R. Dunn,SG,29,DEN,81,2290,9.8,0.531,0.006,0.324,7.4,10.7,9,7.4,2.7,0.3,13.7,7.8,,2.1,2.3,4.4,0.092,,-1.3,1.1,-0.1,1
73,Devin Durrant,SF,24,IND,59,756,8.8,0.47,0.011,0.372,6.8,10.5,8.6,14.5,1.1,0.7,19.5,20.6,,-0.7,0.6,-0.1,-0.008,,-3.2,-1.1,-4.4,-0.5
74,Mark Eaton,C,28,UTA,82,2813,13.6,0.502,0,0.397,7.8,25.8,17,5.7,0.6,8.7,20.7,14.1,,-1.3,6.7,5.4,0.093,,-3.1,4.2,1.2,2.3
75,Jerry Eaves,PG,25,ATL,3,37,4.1,0.637,0,1,0,0,0,13.8,0,0,31.6,14.1,,0,0,0,0,,-4.3,-1.8,-6,0
76,Kenton Edelin,SF,22,IND,10,143,3.3,0.333,0,0.615,5.9,13.4,9.6,8.2,1.6,1.6,15.4,5.4,,0,0.2,0.1,0.042,,-5.9,1.8,-4.2,-0.1
77,Franklin Edwards,PG,25,LAC,16,198,18.7,0.594,0,0.364,1.7,6,3.9,27,4.1,0,18.2,19.3,,0.4,0.2,0.6,0.134,,0.9,1.5,2.3,0.2
78,James Edwards,C,29,PHO,70,1787,15.8,0.562,0.004,0.483,6.1,18.2,12.3,12.8,0.7,1.6,14.9,24.8,,1.7,2,3.7,0.099,,-0.5,-0.2,-0.7,0.6
79,Craig Ehlo,SG,23,HOU,45,189,12.8,0.529,0.043,0.435,4.7,10,7.4,18,2.7,0.9,21.1,21.8,,0,0.2,0.2,0.057,,-2,1.1,-0.9,0.1
80,Dale Ellis,SF,24,DAL,72,1314,14.7,0.514,0.181,0.172,8.5,12.2,10.3,6.2,1.7,0.3,8.2,22.5,,1.3,1.1,2.4,0.088,,0.3,-1.3,-1,0.3
81,Chris Engler,C,25,TOT,11,82,13.2,0.438,0,0.45,16.1,25.4,20.6,0,1.2,3.6,7.7,12.8,,0,0.1,0.2,0.095,,-0.4,-1.5,-1.9,0
81,Chris Engler,C,25,NJN,7,76,13.9,0.476,0,0.563,14.3,25.9,19.9,0,1.3,3.1,4.8,11.1,,0.1,0.1,0.2,0.124,,0.2,-1.2,-1,0
81,Chris Engler,C,25,CHI,3,3,9.1,0.5,0,0,39.6,37.7,38.6,0,0,0,33.3,41.8,,0,0,0,-0.225,,-8.9,-6.4,-15.3,0
81,Chris Engler,C,25,MIL,1,3,0,0,0,0,37.2,0,18.5,0,0,19.8,0,27.2,,0,0,0,-0.338,,-7.6,-3.3,-10.8,0
82,Alex English*,SF,31,DEN,81,2924,21.6,0.561,0.003,0.255,7,9.9,8.3,17.9,1.5,0.9,11.1,29.3,,6.8,2.1,8.9,0.146,,4.1,-1.4,2.7,3.5
83,Julius Erving*,SF,34,PHI,78,2535,20,0.546,0.011,0.358,7.7,10.7,9.2,14.6,2.5,2.5,12.7,26,,4.5,3.1,7.6,0.144,,3,0.5,3.5,3.5
84,Mike Evans,SG,29,DEN,81,1437,15.6,0.568,0.238,0.198,1.8,7.4,4.4,21.4,2,0.5,15.3,22.3,,1.9,1,2.9,0.098,,0.8,-0.9,0,0.7
85,Kenny Fields,SF,22,MIL,51,535,8.9,0.471,0,0.188,8.6,8.9,8.7,9.6,0.8,1.1,13.4,18.2,,0.1,0.6,0.7,0.06,,-3.1,-0.8,-3.9,-0.3
86,Vern Fleming,PG,22,IND,80,2486,12.8,0.526,0.004,0.368,6.2,7.5,6.9,14,1.8,0.2,15.5,20.1,,1.3,2,3.3,0.063,,-1.1,-0.5,-1.6,0.3
87,Sleepy Floyd,SG,24,GSW,82,2873,15.4,0.514,0.104,0.302,2.2,6,3.9,21.1,2.2,0.8,13.9,24.6,,2.3,0.8,3.1,0.052,,0.8,-1.2,-0.4,1.1
88,Phil Ford,PG,28,HOU,25,290,6.4,0.401,0.085,0.383,1.2,9.2,5.2,23.5,1,0.2,23.6,9.8,,0,0.2,0.2,0.033,,-3.6,0.5,-3.1,-0.1
89,Rod Foster,PG,24,PHO,79,1318,12.1,0.508,0.198,0.173,2.4,4.5,3.4,21.1,2.2,0,14.6,24.8,,-0.2,1.2,0.9,0.034,,-1.9,-0.9,-2.8,-0.3
90,World B. Free,SG,31,CLE,71,2249,19.7,0.529,0.145,0.309,2.9,7.2,5.1,23.5,1.6,0.4,8.4,29.4,,4.5,1.4,6,0.127,,3.7,-0.8,3,2.8
91,Bill Garnett,PF,24,IND,65,1123,10.7,0.541,0.006,0.561,9.1,17.8,13.4,8,1.1,0.7,19.2,16.8,,0.3,1.2,1.5,0.063,,-3,-0.2,-3.2,-0.4
92,George Gervin*,SG,32,SAS,72,2091,18.5,0.564,0.008,0.325,4.4,8.1,6.3,13.1,1.5,1.3,12.8,29.7,,3.2,1.4,4.6,0.106,,1.3,-1.6,-0.3,0.9
93,Artis Gilmore*,C,35,SAS,81,2756,20.3,0.68,0.002,0.756,9.8,24.5,17.4,6.4,0.7,3.5,17.5,20,,7.1,3.3,10.5,0.183,,2,0.2,2.2,2.9
94,Mike Glenn,SG,29,ATL,60,1126,15.2,0.615,0.005,0.196,2,5.9,3.9,16.3,1.2,0,11.5,17.4,,2.3,0.7,2.9,0.126,,0.7,-0.3,0.3,0.7
95,Mike Gminski,C,25,NJN,81,2418,16.1,0.538,0.001,0.401,10.3,19.4,14.7,8.5,0.7,2.2,12.4,18.3,,3.6,2.5,6.1,0.122,,1.1,-0.6,0.5,1.6
96,Lancaster Gordon,SG,22,LAC,63,682,8.2,0.42,0.031,0.171,4.4,5.5,5,17.6,2.3,0.5,18.3,22.6,,-1.2,0.4,-0.8,-0.055,,-4.8,-1.2,-6.1,-0.7
97,Stewart Granger,PG,23,ATL,9,92,-0.2,0.39,0.059,0.471,1.2,5.9,3.6,16.3,1,0,36.9,14.6,,-0.3,0.1,-0.2,-0.125,,-8.1,-0.7,-8.8,-0.2
98,Butch Graves,SG,23,CLE,4,11,-0.8,0.305,0.167,0.833,0,19.7,9.8,13.1,4.3,0,10.9,33.6,,-0.1,0,-0.1,-0.243,,-16.1,-0.8,-16.9,0
99,Stuart Gray,C,21,IND,52,391,4.6,0.453,0,0.511,7.8,25.6,16.6,4.8,1.1,2,31.2,16.5,,-1,0.5,-0.4,-0.052,,-7.8,-0.2,-7.9,-0.6
100,Rickey Green,PG,30,UTA,77,2431,16.3,0.546,0.025,0.335,1.6,6.3,4,33.9,2.5,0.1,16.2,17.8,,3.5,3.2,6.7,0.132,,0.9,0.7,1.6,2.2
101,Sidney Green,PF,24,CHI,48,740,11.6,0.503,0.016,0.392,11.6,26.6,19.3,5.4,0.7,1.1,18.8,20.4,,-0.2,0.8,0.6,0.039,,-3.1,-1.8,-4.9,-0.6
102,Dave Greenwood,PF,27,CHI,61,1523,9.4,0.497,0.003,0.283,8.4,20.8,14.8,6.6,1.1,0.7,14.4,12,,0.6,1.4,2,0.065,,-2.3,-0.3,-2.5,-0.2
103,Kevin Grevey,SF,31,MIL,78,1182,10.7,0.505,0.078,0.252,2.5,7.1,4.8,10.8,1.2,0.1,10.5,18.1,,0.9,1.3,2.1,0.086,,-1.5,-0.4,-1.9,0
104,Darrell Griffith,SG,26,UTA,78,2776,15.6,0.512,0.161,0.187,4.7,8,6.4,14.2,2.2,0.6,12.5,28.2,,-0.3,3.8,3.5,0.061,,0.2,-0.3,0,1.4
105,Ernie Grunfeld,SF,29,NYK,69,1061,14.7,0.529,0.021,0.271,4.4,12.4,8.3,14.4,2.3,0.4,8.5,18.3,,1.5,0.9,2.4,0.111,,0.3,0.8,1.1,0.8
106,Bob Hansen,SG,24,UTA,54,646,10,0.508,0.031,0.32,3.3,7.8,5.6,16.4,1.8,0.1,16,18.8,,-0.2,0.8,0.7,0.049,,-4,0.4,-3.6,-0.3
107,Bill Hanzlik,SF,27,DEN,80,1673,10.5,0.495,0.029,0.456,5.3,8.1,6.6,14.8,2.2,0.9,15.5,16.8,,0.8,1.4,2.2,0.063,,-2.8,0.1,-2.7,-0.3
108,Derek Harper,PG,23,DAL,82,2218,15.2,0.564,0.096,0.243,2.4,8,5.1,21.7,3.2,1,14.9,15.5,,2.9,2.4,5.4,0.116,,0.1,2,2.1,2.3
109,Scott Hastings,PF,24,ATL,64,825,9.7,0.539,0,0.431,8,13.1,10.6,7.3,1.4,1.6,18.3,13.7,,0.4,0.9,1.3,0.075,,-2.9,0.7,-2.2,-0.1
110,Steve Hayes,C,29,PHI,11,101,10.4,0.557,0,0.222,12.4,25.4,19,1.3,0.5,2.3,9.2,8.7,,0.1,0.1,0.3,0.124,,-1.8,-0.1,-1.9,0
111,Gerald Henderson,PG,29,SEA,79,2648,14.3,0.529,0.043,0.286,3.1,5.2,4.2,31.5,2.6,0.2,18.7,19.5,,1.4,2.3,3.7,0.067,,-0.2,-0.1,-0.3,1.1
112,Rod Higgins,SF,25,CHI,68,942,10.2,0.497,0.137,0.333,6.9,11,9,10.4,1.1,0.8,13.7,15.9,,0.4,0.5,1,0.049,,-1,-0.8,-1.8,0
113,Roy Hinson,PF,23,CLE,76,2344,16,0.551,0.003,0.406,8.6,18.9,13.8,4.3,1,4.1,13.6,21.6,,2,3,5,0.103,,-1,0.6,-0.4,0.9
114,Craig Hodges,SG,24,MIL,82,2496,11.8,0.552,0.184,0.178,3.3,5,4.1,18.5,1.9,0,14.6,15.1,,3.2,2.9,6,0.115,,-0.5,0.6,0,1.3
115,Lionel Hollins,PG,31,HOU,80,1950,11.1,0.508,0.024,0.252,1.9,8,5,26.2,1.9,0.3,22.1,15.6,,0.7,1.9,2.5,0.062,,-2,0,-1.9,0.1
116,Michael Holton,SG,23,PHO,74,1761,8.9,0.497,0.078,0.205,2,6.5,4.2,15.2,1.6,0.2,16.4,17.4,,-0.6,1.4,0.8,0.023,,-3.1,-0.6,-3.6,-0.7
117,Phil Hubbard,SF,28,CLE,76,2249,16,0.578,0.005,0.601,10.3,12.8,11.5,7.3,1.7,0.2,14.6,21.7,,3.7,2,5.7,0.121,,0.7,-0.6,0.1,1.2
118,Jay Humphries,SG,22,PHO,80,2062,10.6,0.502,0.032,0.272,1.8,7.1,4.5,22.6,2.4,0.2,19.2,17.1,,-0.2,2.2,1.9,0.044,,-2.9,0.4,-2.6,-0.3
119,Geoff Huston,PG,27,CLE,8,93,7.8,0.494,0,0.12,0,1.2,0.6,33.1,0,0,23.3,14.8,,0,0,0,-0.002,,-2.1,-3,-5.1,-0.1
120,Marc Iavaroni,PF,28,TOT,69,1334,8.8,0.501,0.011,0.362,8.3,17.2,12.9,11.1,1.2,1.5,22.5,15.9,,-0.5,1.3,0.7,0.027,,-3.5,0,-3.5,-0.5
120,Marc Iavaroni,PF,28,PHI,12,156,3.1,0.446,0,0.194,8,12.9,10.5,4.9,1.2,1.1,32.2,12.8,,-0.3,0.1,-0.1,-0.039,,-5.8,-0.4,-6.2,-0.2
120,Marc Iavaroni,PF,28,SAS,57,1178,9.6,0.506,0.012,0.378,8.3,17.8,13.2,11.9,1.2,1.5,21.5,16.3,,-0.3,1.1,0.9,0.036,,-3.2,0,-3.2,-0.4
121,Dan Issel*,C,36,DEN,77,1684,16.9,0.528,0.009,0.403,4.8,17,10.5,10.7,1.7,1,9.1,23,,2.7,1.7,4.3,0.124,,0.4,-0.7,-0.3,0.7
122,Ralph Jackson,PG,22,IND,1,12,15.6,0.333,0,0,8.7,0,4.4,41.7,7.6,0,25,13.1,,0,0,0,0.069,,-0.3,4.6,4.3,0
123,Clemon Johnson,C,28,PHI,58,875,11.9,0.526,0.004,0.209,12,16.5,14.2,5.1,0.8,2.9,14.4,13.8,,0.8,0.9,1.7,0.095,,-1.2,0,-1.2,0.2
124,Dennis Johnson*,PG,30,BOS,80,2976,14.4,0.522,0.024,0.287,3.5,8,5.9,23.4,1.5,0.7,15,19.3,,3.5,2.8,6.4,0.103,,0.4,0,0.3,1.8
125,Eddie Johnson,SG,29,ATL,73,2367,15.8,0.546,0.076,0.351,1.8,7,4.4,35.4,0.9,0.2,18.3,23.3,,2.8,1.4,4.2,0.084,,1.5,-2.2,-0.7,0.8
126,Eddie Johnson,SF,25,KCK,82,3029,16.2,0.542,0.035,0.238,5.7,9.6,7.7,13.4,1.3,0.4,11.5,25.5,,4.4,0.9,5.3,0.083,,1.3,-1.8,-0.6,1.1
127,Frank Johnson,PG,26,WSB,46,925,15,0.535,0.047,0.268,2.7,4.9,3.8,22.1,2.2,0.2,12.8,20.7,,0.9,1.1,1.9,0.101,,-0.1,0.6,0.6,0.6
128,George Johnson,C,36,NJN,65,800,8.3,0.589,0.013,0.342,10,16.1,13,3.2,1.1,5.7,30,6.6,,0.2,1.1,1.3,0.081,,-3.9,2.6,-1.4,0.1
129,George Johnson,SF,28,PHI,55,756,9.9,0.459,0.038,0.213,7.2,17.1,12.2,6.9,2,1.2,14.6,17.9,,-0.2,0.9,0.7,0.047,,-3,0,-3.1,-0.2
130,Magic Johnson*,PG,25,LAL,77,2781,23.2,0.637,0.041,0.516,4.1,14.4,9.7,42.5,1.9,0.5,21.7,20.5,,9.5,3.2,12.7,0.22,,5.8,0.8,6.7,6.1
131,Marques Johnson,SF,28,LAC,72,2448,14.3,0.489,0.012,0.238,8.8,10.5,9.7,14.6,1.4,0.7,12.7,23.1,,1.2,1.5,2.7,0.053,,-0.3,-1.1,-1.4,0.4
132,Mickey Johnson,PF,32,GSW,66,1565,17.2,0.513,0.042,0.443,9.8,19.3,14.2,13.9,2.1,1.3,14.3,24.9,,1.6,1.1,2.7,0.083,,0.7,-0.3,0.4,1
133,Steve Johnson,C,27,CHI,74,1659,14.1,0.593,0.006,0.488,10.5,19.8,15.3,5.5,1.1,2.1,19.4,19.6,,1.4,1.7,3.1,0.09,,-1.8,-0.4,-2.1,-0.1
134,Vinnie Johnson,SG,28,DET,82,2093,14.9,0.5,0.029,0.262,6.4,6.1,6.3,20.3,1.6,0.5,11.4,21.7,,2.5,1.7,4.2,0.097,,0.6,-0.3,0.3,1.2
135,Bobby Jones*,PF,33,PHI,80,1633,15.2,0.625,0.01,0.561,7.3,13.1,10.3,12.8,2.4,1.8,19.7,14.7,,2.8,2,4.8,0.142,,1.3,1.6,2.9,2
136,Caldwell Jones,C,34,CHI,42,885,6.9,0.523,0.017,0.409,6.6,20.7,13.8,4.7,0.7,2,22.8,8.3,,0.1,0.8,0.9,0.048,,-3.3,0.7,-2.6,-0.1
137,Charles Jones,C,23,PHO,78,1565,14.4,0.566,0.009,0.619,10.2,18.2,14.3,11.1,1.3,2.2,19.8,18.7,,0.8,2.1,2.9,0.089,,-0.7,0.4,-0.2,0.7
138,Charles Jones,C-PF,27,TOT,31,667,14.9,0.57,0,0.457,11.5,19.1,15.2,4.9,1.6,6.8,14.1,11.1,,0.9,1.4,2.2,0.161,,-2.1,3.2,1.1,0.5
138,Charles Jones,PF,27,CHI,3,29,8.5,0.602,0,1.5,8.2,15.6,12,4.3,0,9.9,37.6,15.3,,0,0,0,-0.001,,-5.5,2.2,-3.3,0
138,Charles Jones,C,27,WSB,28,638,15.1,0.569,0,0.423,11.7,19.3,15.4,5,1.7,6.6,12.6,10.9,,0.9,1.3,2.2,0.168,,-2,3.2,1.3,0.5
139,Earl Jones,C,24,LAL,2,7,-11,0,0,0,0,0,0,0,0,0,50,11.6,,0,0,0,-0.307,,-11.4,-6.7,-18.1,0
140,Edgar Jones,PF,28,TOT,44,769,11.7,0.528,0.015,0.404,7.2,17.1,12.2,5,1.2,2.1,15.9,20.1,,0.1,0.8,0.9,0.057,,-3.1,-0.3,-3.4,-0.3
140,Edgar Jones,PF,28,SAS,18,322,11.5,0.569,0.011,0.56,5.8,15.7,10.9,7,1.3,3.1,19.8,17.6,,0.1,0.3,0.5,0.072,,-2.7,0.6,-2.1,0
140,Edgar Jones,PF,28,CLE,26,447,11.8,0.506,0.016,0.326,8.2,18.2,13.2,3.6,1.2,1.4,13.6,21.9,,0,0.5,0.4,0.046,,-3.4,-1,-4.4,-0.3
141,Major Jones,PF,31,DET,47,418,11.1,0.589,0,0.586,11.5,20.8,16,4.2,1,1.8,24.2,13.3,,0.2,0.5,0.7,0.081,,-2.6,-0.2,-2.8,-0.1
142,Ozell Jones,C,24,SAS,67,888,11.4,0.566,0.006,0.461,8.5,21.4,15.2,7.7,1.6,3.6,22,12.5,,0.1,1.2,1.3,0.073,,-2.3,1.5,-0.8,0.3
143,Michael Jordan*,SG,21,CHI,82,3144,25.8,0.592,0.032,0.459,6.3,13.2,9.8,25.3,3,1.3,13,29.8,,10.3,3.7,14,0.213,,5.8,1.5,7.3,7.4
144,Rich Kelley,C,31,UTA,77,1276,8.5,0.547,0.009,0.519,9.8,18.4,14.2,11.8,1.5,1.3,31.9,12.1,,-0.5,2.2,1.7,0.066,,-4.5,1.8,-2.7,-0.2
145,Clark Kellogg,PF,23,IND,77,2449,18.9,0.557,0.013,0.356,9.6,21.7,15.6,15.3,1.6,0.6,15.2,24.4,,3.1,3,6.1,0.119,,1.9,-0.1,1.8,2.3
146,Greg Kelser,SF,27,IND,10,114,13,0.475,0.019,0.528,5.5,12.1,8.8,16.3,2.8,0,15.5,26.7,,-0.1,0.1,0.1,0.025,,-2.8,-0.5,-3.3,0
147,Jerome Kersey,SF,22,POR,77,958,15.3,0.524,0.008,0.487,11.1,12.9,12,8.8,2.4,1.7,12.8,21.4,,1,1.2,2.2,0.111,,-0.9,0.2,-0.7,0.3
148,Albert King,SF,25,NJN,42,860,17.7,0.531,0.017,0.226,8.8,12,10.4,10.2,2.3,0.6,11.4,26.8,,1,0.9,1.9,0.106,,0.8,-0.7,0.1,0.4
149,Bernard King*,SF,28,NYK,55,2063,25.2,0.585,0.008,0.424,6.2,11.8,8.9,18.6,1.7,0.4,11.7,35.1,,5.7,1.5,7.1,0.166,,6.1,-1,5.1,3.6
150,Reggie King,SF,27,SEA,60,860,6.9,0.477,0,0.396,5.9,10.5,8.2,8.1,1.6,0.7,19.4,10.6,,-0.2,0.7,0.5,0.028,,-3.8,-0.1,-3.8,-0.4
151,Greg Kite,C,23,BOS,55,424,3.9,0.431,0,0.364,10.4,12.7,11.6,4.6,0.3,1.3,22.1,12.6,,-0.3,0.4,0.1,0.006,,-6.2,-1.3,-7.5,-0.6
152,Billy Knight,SF-SG,32,TOT,68,800,11.7,0.501,0.071,0.206,7.3,9.4,8.4,13.5,0.9,0.1,15.3,22.8,,0.1,0.3,0.4,0.025,,-0.8,-2.6,-3.4,-0.3
152,Billy Knight,SG,32,KCK,16,189,10.2,0.5,0.014,0.232,6.1,7.2,6.6,14.6,0.5,0.3,14.6,18.6,,0.1,0,0.1,0.021,,-0.2,-1.7,-2,0
152,Billy Knight,SF,32,SAS,52,611,12.2,0.501,0.084,0.2,7.6,10.1,8.9,13.2,1.1,0.1,15.5,24.1,,0,0.3,0.3,0.027,,-1,-2.8,-3.8,-0.3
153,Joe Kopicki,PF,24,DEN,42,308,15.3,0.61,0.032,0.568,9.4,21.1,14.9,11.6,1.9,0.2,19.1,18,,0.5,0.3,0.9,0.135,,-1.1,-0.4,-1.5,0
154,Mitch Kupchak,PF,30,LAL,58,716,12.5,0.539,0,0.373,11.9,16.9,14.6,3.5,1.2,1.5,14.5,18.7,,0.5,0.9,1.4,0.094,,-2.7,-1.3,-4,-0.4
155,Tom LaGarde,C,29,NJN,1,8,-5,0.266,0,2,13.6,14.5,14,0,0,0,34.7,14.5,,0,0,0,-0.17,,-11.9,-3.4,-15.4,0
156,Bill Laimbeer,C,27,DET,82,2892,18,0.548,0.015,0.26,10.2,27,18.3,7,1.1,1.4,9,19.1,,5.6,4.1,9.8,0.162,,1.3,-0.1,1.3,2.4
157,Allen Leavell,PG,27,HOU,42,536,11.4,0.487,0.177,0.273,1.7,6,3.9,24.4,2,0.4,17.9,21,,0.1,0.5,0.6,0.051,,-2.2,-0.5,-2.7,-0.1
158,Ronnie Lester,PG,26,LAL,32,278,11.9,0.465,0.012,0.378,1.8,8.2,5.3,32.8,2.5,0.6,25.1,18.6,,-0.1,0.3,0.2,0.039,,-2.2,-1,-3.2,-0.1
159,Fat Lever,PG,24,DEN,82,2559,16.7,0.479,0.024,0.26,5.8,11.7,8.6,29.5,3.5,0.7,15.6,19.2,,2.1,3.2,5.2,0.098,,1,1.3,2.2,2.7
160,Cliff Levingston,PF,24,ATL,74,2017,14.6,0.56,0.004,0.402,12.7,18,15.4,7.1,1.7,1.9,17,16,,2,2.8,4.7,0.113,,-0.5,0.5,0,1
161,Alton Lister,C,26,MIL,81,2091,15,0.559,0.002,0.438,11.7,22.6,17.2,8.1,1.1,4.7,20.4,17.5,,1,4.3,5.3,0.121,,-1.1,2,0.9,1.5
162,Lewis Lloyd,SG,25,HOU,82,2128,15.2,0.558,0.009,0.253,5.1,7,6.1,18,1.6,0.7,15.5,21.2,,2.8,1.9,4.7,0.105,,0.6,0,0.6,1.4
163,John Long,SG,28,DET,66,1820,14.2,0.518,0.017,0.139,4.5,6.5,5.4,9.8,1.8,0.4,9.4,21.9,,1.8,1.6,3.3,0.087,,-0.7,-0.3,-1.1,0.4
164,Sidney Lowe,PG,25,TOT,21,190,9.6,0.459,0.037,0.296,2.3,6.8,4.6,31.7,2.8,0,29.9,9.3,,0.1,0.2,0.3,0.067,,-2.7,1.1,-1.6,0
164,Sidney Lowe,PG,25,DET,6,31,2.2,0.286,0,0,0,3.5,1.7,28.6,0,0,22.2,11.1,,0,0,0,-0.049,,-5.9,-1.7,-7.6,0
164,Sidney Lowe,PG,25,ATL,15,159,11,0.51,0.05,0.4,2.8,7.5,5.2,32.3,3.3,0,31.9,8.9,,0.1,0.2,0.3,0.09,,-2.1,1.7,-0.4,0.1
165,John Lucas,PG,31,HOU,47,1158,17.4,0.533,0.148,0.289,2,6.2,4.1,35.8,2.5,0.1,16.9,20.6,,2,1.2,3.2,0.134,,2.6,0,2.6,1.3
166,Maurice Lucas,PF,32,PHO,63,1670,15.1,0.517,0.006,0.275,9.5,28,18.9,12.8,1.1,0.6,15.6,23.5,,0.1,2.4,2.5,0.072,,-1.1,-0.6,-1.7,0.1
167,Kyle Macy,PG,27,PHO,65,2018,13.8,0.555,0.146,0.241,1.9,8.1,5,25.3,2,0.1,14.7,15.2,,2.7,1.9,4.6,0.11,,0,0.3,0.3,1.1
168,Rick Mahorn,PF,26,WSB,77,2072,10.4,0.526,0,0.252,7.8,25,16.2,7.4,1.4,2.9,22.5,11.9,,-0.3,3.9,3.6,0.083,,-3.7,2.3,-1.5,0.3
169,Jeff Malone,SG,23,WSB,76,2613,15,0.543,0.059,0.206,2.5,6.3,4.3,10.7,1,0.2,7.5,22.8,,3.4,2.3,5.7,0.105,,0,-0.9,-0.9,0.7
170,Moses Malone*,C,29,PHI,79,2957,22.5,0.577,0.002,0.704,14.8,24.4,19.7,6.6,1.1,2.4,14.5,26.8,,7.9,4,11.9,0.193,,3,-1.4,1.6,2.7
171,Pace Mannion,SF,24,UTA,34,190,12.4,0.479,0.016,0.365,6.7,5.8,6.3,19.3,3.8,0.9,19.8,19,,-0.1,0.3,0.2,0.055,,-2,2.6,0.6,0.1
172,Wes Matthews,PG,25,CHI,78,1523,11.9,0.523,0.041,0.22,1.2,3.8,2.5,31.1,2.3,0.5,22.7,15,,0.7,0.9,1.6,0.049,,-0.6,-0.6,-1.2,0.3
173,Cedric Maxwell,SF,29,BOS,57,1495,14.2,0.634,0.005,0.737,7.6,10.2,8.9,8.4,1.1,0.5,16.4,16.3,,3.2,1.4,4.6,0.147,,0.8,-0.3,0.5,0.9
174,Bob McAdoo*,C,33,LAL,66,1254,15.4,0.559,0.002,0.297,7.9,17.9,13.4,6.9,0.7,2.3,13.3,23,,1.4,1.5,2.9,0.11,,-1.3,-0.8,-2.1,0
175,Tim McCormick,C,22,SEA,78,1584,14.7,0.606,0.002,0.545,10.7,18.4,14.6,7.4,0.5,1.2,16,18.8,,2.3,1.5,3.8,0.114,,-1,-1,-2.1,0
176,Rodney McCray,SF,23,HOU,82,3001,15.5,0.576,0.007,0.352,7.5,12.6,10,15,1.4,1.4,14.8,15.9,,5.3,3.3,8.5,0.137,,1.7,1,2.7,3.6
177,Scooter McCray,PF,24,SEA,6,93,4.8,0.638,0,0.4,7.5,13.7,10.6,9.8,0.5,1.8,46,9.8,,-0.1,0.1,0,-0.012,,-4.6,0.9,-3.7,0
178,Hank McDowell,PF,25,HOU,34,132,9.8,0.506,0.024,0.238,5.9,12.7,9.3,8.6,1.1,2.1,14.7,16.3,,0,0.1,0.2,0.069,,-2.5,0.8,-1.7,0
179,Mike McGee,SF,25,LAL,76,1170,17.3,0.567,0.1,0.261,10.4,6,8,8.4,1.6,0.3,10.6,26.4,,2.1,0.9,3,0.122,,0.7,-2.3,-1.6,0.1
180,Kevin McHale*,PF,27,BOS,79,2653,20.7,0.617,0.006,0.44,10,19.2,14.8,7.4,0.5,2.4,11,21.9,,7.6,3.4,11,0.199,,2.7,-0.2,2.5,3
181,Kevin McKenna,SG,26,NJN,29,535,10.9,0.539,0.097,0.321,4.1,6.3,5.1,13.4,2.7,0.8,17.3,14,,0.4,0.5,0.9,0.082,,-2.1,0.9,-1.2,0.1
182,Tom McMillen,C,32,WSB,69,1547,10.4,0.519,0.009,0.253,4.5,10.7,7.5,4.6,0.2,0.6,6.9,17.2,,1.2,1.4,2.7,0.082,,-2.5,-1.1,-3.6,-0.6
183,Mark McNamara,C,25,TOT,45,273,12.9,0.542,0,0.816,13.1,17.7,15.4,2.8,1.2,1.6,15.5,17.7,,0.2,0.2,0.4,0.062,,-1.4,-1.9,-3.3,-0.1
183,Mark McNamara,C,25,SAS,12,63,16,0.637,0,1,13,17.4,15.3,0,1.5,0.9,18.8,20.3,,0.1,0.1,0.1,0.092,,-0.2,-2.5,-2.7,0
183,Mark McNamara,C,25,KCK,33,210,12,0.511,0,0.759,13.1,17.8,15.5,3.6,1.1,1.8,14.4,17,,0.1,0.1,0.2,0.053,,-1.8,-1.7,-3.5,-0.1
184,Joe Meriweather,C,31,KCK,76,1061,10.2,0.57,0.008,0.51,10.2,18,14.1,3.1,0.7,1.4,14.4,12.9,,1.3,0.6,1.8,0.083,,-2.2,-1,-3.2,-0.3
185,Larry Micheaux,PF,24,TOT,57,565,14.8,0.6,0.019,0.274,12.3,15.9,14.1,6.8,1.7,2.1,17,14.9,,0.8,0.8,1.6,0.137,,-0.4,0.7,0.3,0.3
185,Larry Micheaux,PF,24,MIL,18,171,13.3,0.541,0,0.486,11.7,16.8,14.3,9.5,2.3,2.4,15.8,12,,0.2,0.3,0.5,0.154,,-0.3,2.6,2.3,0.2
185,Larry Micheaux,PF,24,HOU,39,394,15.4,0.618,0.025,0.213,12.5,15.6,14,5.7,1.4,2,17.3,16.2,,0.6,0.5,1.1,0.129,,-0.4,-0.2,-0.6,0.1
186,Mike Mitchell,SF,29,SAS,82,2853,16.5,0.533,0.015,0.222,5.9,10.5,8.3,8,1,0.5,7.8,26,,4.4,1.6,6,0.101,,1.1,-2.2,-1.1,0.6
187,Paul Mokeski,C,28,MIL,79,1586,10.1,0.511,0.005,0.27,7.5,21.1,14.3,8.1,0.8,1.3,15,14.5,,0.7,2.6,3.4,0.102,,-2.7,1,-1.7,0.1
188,Sidney Moncrief*,PG,27,MIL,73,2734,20.1,0.565,0.028,0.472,6.1,9.8,7.9,20.1,2.1,0.8,11.6,23.6,,7.3,3.9,11.2,0.197,,3.8,1,4.8,4.7
189,Johnny Moore,PG,26,SAS,82,2689,18.3,0.513,0.098,0.273,4.1,11.6,7.9,38.9,3.9,0.4,18.8,18.7,,3.7,3.5,7.2,0.128,,2.1,1.5,3.7,3.9
190,Jay Murphy,PF,22,LAC,23,149,-0.9,0.236,0.02,0.42,4.6,25.2,15.2,3.2,0.3,0.7,11.9,18.4,,-0.6,0.1,-0.5,-0.154,,-9.6,-2.8,-12.4,-0.4
191,Larry Nance,PF,25,PHO,61,2202,20.6,0.612,0.002,0.29,10.2,17.3,13.8,11.1,1.9,2.6,12.1,20.8,,4.7,3.2,7.9,0.173,,3.2,1.2,4.4,3.5
192,Calvin Natt,PF,28,DEN,78,2657,21.8,0.604,0.002,0.449,7.9,17.2,12.2,12.4,1.3,0.7,11.2,24.1,,8,2.3,10.2,0.185,,4.2,-1,3.1,3.4
193,Kenny Natt,SG,26,TOT,8,29,4.7,0.387,0,0.667,7.6,3.5,5.5,11.2,3.2,0,27.9,14.7,,-0.1,0,0,-0.063,,-4.8,0,-4.8,0
193,Kenny Natt,SG,26,UTA,4,13,1.5,0.444,0,0.8,8.2,7.8,8,0,3.5,0,30.7,29.8,,-0.1,0,-0.1,-0.201,,-12,-2.6,-14.5,0
193,Kenny Natt,SG,26,KCK,4,16,7.3,0,0,0,7.2,0,3.6,20.2,2.9,0,0,2.5,,0,0,0,0.049,,1,2.2,3.1,0
194,Ed Nealy,PF,24,KCK,22,225,9.6,0.592,0,0.432,7.7,14.6,11.2,9.9,0.6,0.2,18.6,11.3,,0.2,0.1,0.3,0.058,,-1.1,-1.3,-2.4,0
195,Chuck Nevitt,C,25,LAL,11,59,2.1,0.292,0,0.471,10.7,26.4,19.3,5.6,0,13.7,32.8,20.9,,-0.3,0.1,-0.2,-0.158,,-14.8,3.1,-11.7,-0.1
196,Kurt Nimphius,C,26,DAL,82,2010,10.9,0.504,0.014,0.323,7.5,15.8,11.6,11.4,0.7,3.6,16.1,12.3,,1.3,2,3.3,0.079,,-1.9,1.6,-0.3,0.9
197,Norm Nixon,PG,29,LAC,81,2894,15.6,0.507,0.077,0.17,2.2,6,4.2,35.7,1.6,0.1,16.5,23.2,,2.5,1.2,3.7,0.061,,1.4,-1.9,-0.6,1.1
198,Audie Norris,C,24,POR,78,1117,10.6,0.6,0.012,0.829,9.1,16,12.5,5.2,1.7,1.6,23,15.4,,0.6,1.4,1.9,0.083,,-3.6,0.4,-3.2,-0.3
199,Mike O'Koren,SF,26,NJN,43,1119,12.4,0.518,0.053,0.17,4.5,12.4,8.3,12.2,1.4,0.8,10.8,17.1,,0.9,1,1.9,0.081,,-0.6,0.1,-0.5,0.4
200,Hakeem Olajuwon*,C,22,HOU,82,2914,21.1,0.564,0,0.438,16.9,20.4,18.7,5.3,1.6,4.3,13.5,23.5,,5.3,4.9,10.2,0.168,,1.7,0.4,2.1,3
201,Mark Olberding,PF,28,KCK,81,2277,12.2,0.603,0.006,0.667,7,18.6,12.9,13.2,1.1,0.3,21.3,15,,2.8,1.3,4.1,0.085,,-0.8,-0.1,-0.9,0.6
202,Jawann Oldham,C,27,CHI,63,993,9.7,0.495,0.005,0.26,9.5,17.9,13.8,4,0.5,7.3,21.3,11.4,,-0.2,1.3,1,0.05,,-3.8,2.2,-1.6,0.1
203,Louis Orr,PF,26,NYK,79,2452,13.8,0.552,0.013,0.436,7.9,10.7,9.2,7.6,2,0.7,13.1,17.7,,2.9,1.9,4.8,0.093,,0.7,-0.4,0.3,1.4
204,Robert Parish*,C,31,BOS,79,2850,17.6,0.586,0,0.387,10.7,21.4,16.3,5.8,0.9,1.9,13.5,19.7,,5,4,9,0.151,,1.1,-0.3,0.8,2
205,Billy Paultz,C,36,UTA,62,370,5,0.413,0,0.322,6.9,19.6,13.4,5.4,0.7,1.6,23.2,13.9,,-0.6,0.6,0,-0.006,,-6.5,0.2,-6.3,-0.4
206,Jim Paxson,SG,27,POR,68,2253,17.3,0.555,0.039,0.251,3.4,7.6,5.5,16.6,2.1,0.1,9,21.2,,4.6,1.9,6.5,0.138,,1.7,-0.2,1.5,2
207,John Paxson,PG,24,SAS,78,1259,12.6,0.566,0.088,0.26,1.8,4.3,3.1,21.9,1.7,0.1,15.9,16.2,,1.7,0.6,2.3,0.088,,-0.5,-0.9,-1.3,0.2
208,Sam Perkins,PF,23,DAL,82,2317,15,0.535,0.049,0.332,9.1,20.9,14.9,7.8,1.3,1.6,10.8,17.1,,3.2,2.6,5.8,0.12,,0.1,-0.1,0,1.2
209,Jim Petersen,PF,22,HOU,60,714,6.6,0.549,0,0.458,6.9,16.1,11.5,4.8,0.9,2.5,29.1,13.5,,-0.5,0.9,0.3,0.023,,-5.6,1,-4.6,-0.5
210,Ricky Pierce,SG,25,MIL,44,882,15.8,0.599,0.013,0.404,6.2,8.5,7.4,15,1.9,0.3,14.8,19.6,,1.8,1.2,3,0.162,,0.6,0.5,1.1,0.7
211,Charles Pittman,SF,26,PHO,68,1001,9.1,0.555,0.009,0.643,10.3,15.3,12.8,8.9,0.9,1.2,25.6,15.9,,-0.1,1,0.9,0.044,,-3.7,-0.5,-4.2,-0.5
212,Gary Plummer,PF,22,GSW,66,702,7.5,0.459,0.017,0.397,7.9,14,10.7,4.9,1,1.1,15.5,18,,-0.4,0.2,-0.2,-0.012,,-5.1,-2.2,-7.3,-0.9
213,David Pope,SF,22,KCK,22,129,2.1,0.349,0.019,0.245,8,7.9,8,4.9,1.1,1.3,10.7,20.1,,-0.3,0,-0.2,-0.088,,-8.4,-3,-11.4,-0.3
214,Ben Poquette,PF,29,CLE,79,1656,12.6,0.514,0.037,0.3,9.7,21.2,15.5,6.4,1.3,1.9,11.9,14.2,,1.4,2.1,3.5,0.102,,-1.4,0.7,-0.7,0.5
215,Paul Pressey,SF,26,MIL,80,2876,17.6,0.577,0.022,0.45,5.8,10.7,8.3,25.8,2.2,1.2,18.2,19.2,,5.2,4.4,9.6,0.16,,2.6,1.6,4.2,4.5
216,Kurt Rambis,PF,26,LAL,82,1617,12.7,0.577,0,0.315,12.8,23.4,18.6,4.8,2.4,1.6,20.7,11.7,,1.3,2.8,4.1,0.12,,-1,1,0,0.8
217,Kelvin Ransey,PG,26,NJN,81,1689,15.3,0.505,0.017,0.217,2.6,6.2,4.3,28.2,2.4,0.2,13.6,19.8,,1.9,1.5,3.4,0.096,,0.5,-0.1,0.3,1
218,Leo Rautins,SF,24,ATL,4,12,-1.8,0,0,0,9.3,9,9.1,28.8,0,0,33.3,10.3,,0,0,0,-0.126,,-6.4,-0.1,-6.5,0
219,Robert Reid,SF,29,HOU,82,1763,11.8,0.507,0.025,0.194,5.1,12.2,8.6,12.6,1.3,0.7,12.6,18,,1.2,1.8,3,0.082,,-1.4,0.1,-1.3,0.3
220,Clint Richardson,SG,28,PHI,74,1531,9.1,0.5,0.007,0.22,4.5,6.9,5.7,13.7,1.2,0.6,15,13.7,,0.9,0.9,1.8,0.058,,-1.7,-0.4,-2.1,0
221,Micheal Ray Richardson,PG,29,NJN,82,3127,19.8,0.513,0.078,0.213,5.4,11.2,8.2,30.5,3.7,0.4,13.4,24,,4.5,4.2,8.7,0.134,,2.5,1.6,4.1,4.8
222,Doc Rivers,PG,23,ATL,69,2126,18.1,0.561,0.051,0.539,3.5,7.5,5.5,27.2,3.7,1.4,16.9,20.2,,3.4,3,6.3,0.143,,1.2,2.5,3.7,3.1
223,Fred Roberts,PF,24,TOT,74,1178,13.5,0.569,0.002,0.435,7.1,9.4,8.3,10.3,1.1,1,15.2,19.8,,1.3,1.3,2.6,0.106,,-0.7,-0.3,-1.1,0.3
223,Fred Roberts,PF,24,SAS,22,305,9.7,0.51,0,0.388,3.8,9,6.5,9.1,1.5,2.2,15.5,17.8,,0,0.2,0.3,0.043,,-2.6,0.1,-2.5,-0.1
223,Fred Roberts,PF,24,UTA,52,873,14.8,0.587,0.003,0.45,8.3,9.6,8.9,10.8,0.9,0.6,15.1,20.5,,1.3,1,2.3,0.128,,-0.1,-0.4,-0.5,0.3
224,Alvin Robertson,SG,22,SAS,79,1685,15.3,0.538,0.018,0.282,8,9.7,8.9,21.5,3.5,0.8,19.8,20,,1.1,2,3.1,0.087,,-0.2,1.1,0.9,1.2
225,Rick Robey,C,29,PHO,4,48,-2.6,0.253,0,0.222,7.2,11.6,9.4,12.3,2,0,44.7,15.2,,-0.2,0.1,-0.2,-0.191,,-10.6,-0.3,-10.9,-0.1
226,Cliff Robinson,PF,24,WSB,60,1870,16.4,0.507,0.003,0.238,8.1,24.5,16.1,12,1.3,1.4,14,25.6,,-0.3,3.2,2.9,0.075,,-0.9,0.2,-0.7,0.6
227,Truck Robinson,PF,33,NYK,2,35,7.3,0.34,0,0.4,19.3,10.2,14.9,10.6,2.8,5.2,46,12.9,,-0.1,0,-0.1,-0.082,,-3.1,2.4,-0.7,0
228,Tree Rollins,C,29,ATL,70,1750,12.3,0.578,0,0.274,7.2,20.3,13.8,3.9,1,5.4,17.4,10.8,,1.1,2.7,3.8,0.105,,-1.9,2.5,0.7,1.2
229,Lorenzo Romar,PG,26,TOT,9,51,3.9,0.302,0.188,0.313,0,0,0,26.2,3.6,0,21.6,17.8,,-0.1,0.1,-0.1,-0.073,,-6.7,0.6,-6.1,-0.1
229,Lorenzo Romar,PG,26,MIL,4,16,-7.6,0.125,0.125,0,0,0,0,14.9,0,0,0,20.4,,-0.1,0,-0.1,-0.231,,-13.2,-4.7,-17.9,-0.1
229,Lorenzo Romar,PG,26,DET,5,35,9.1,0.441,0.25,0.625,0,0,0,31.4,5.2,0,32.9,16.7,,-0.1,0.1,0,0,,-3.8,3,-0.7,0
230,Dan Roundfield,PF,31,DET,56,1492,13.9,0.524,0.004,0.352,11.7,20.3,15.8,8.4,0.8,2,17.4,18.2,,0.9,1.8,2.7,0.087,,-0.7,0,-0.8,0.5
231,Jeff Ruland,C,26,WSB,37,1436,17,0.617,0.005,0.665,9.5,22.3,15.7,15.8,1,1.1,24,21.6,,1.1,2.2,3.3,0.111,,0.5,0.9,1.4,1.3
232,Campy Russell,SF,33,CLE,3,24,-2.6,0.361,0.143,0.429,0,22.5,11.3,15.7,0,0,37.5,22.3,,-0.1,0,-0.1,-0.246,,-10.1,-2.9,-13,-0.1
233,Walker Russell,PG,24,ATL,21,377,9,0.589,0.016,0.27,2.4,9.2,5.8,22.5,2.2,0.6,36.2,12.1,,-0.2,0.4,0.2,0.029,,-2.5,1.2,-1.3,0.1
234,Ralph Sampson*,PF,24,HOU,82,3086,17.4,0.533,0.004,0.299,8.2,22.6,15.4,10.4,1.2,3.1,16.1,25.9,,1.4,4.8,6.2,0.096,,-0.3,0.7,0.4,1.8
235,Mike Sanders,SF,24,PHO,21,418,15,0.535,0,0.337,10.5,13.6,12.1,10.2,2.6,0.5,14.5,22.9,,0.3,0.6,0.8,0.093,,-1.2,-0.1,-1.4,0.1
236,Wayne Sappleton,PF,24,NJN,33,298,7.7,0.471,0,0.391,10.2,18.3,14.1,3,1.1,0.8,17.1,16.7,,-0.2,0.3,0.1,0.012,,-4.9,-1.5,-6.3,-0.3
237,Danny Schayes,C,25,DEN,56,542,12.8,0.58,0,0.752,8.9,20.2,14.2,8.1,1.6,2.6,20.4,15,,0.6,0.7,1.2,0.109,,-2.6,0.5,-2.1,0
238,Tom Scheffler,C,30,POR,39,268,6.9,0.435,0,0.392,7.5,24.1,15.9,4.8,1.4,2.2,20.1,11.1,,-0.2,0.4,0.2,0.037,,-4.9,0.4,-4.5,-0.2
239,John Schweitz,SG,24,SEA,19,110,5.8,0.364,0.054,0.135,6.3,15.8,11.1,27.1,0,0.5,15.2,35.2,,-0.5,0.1,-0.4,-0.191,,-6.6,-4.1,-10.7,-0.2
240,Alvin Scott,SF,29,PHO,77,1238,8,0.473,0.019,0.286,4.3,10.4,7.4,12.9,1.5,1.1,17.1,11.6,,-0.1,1.2,1.2,0.045,,-2.8,0.8,-2,0
241,Byron Scott,SG,23,LAL,81,2305,16.8,0.587,0.06,0.227,3.1,6.9,5.2,13.8,2,0.4,11.1,21.8,,4.8,2.1,6.9,0.143,,1,-0.1,0.9,1.7
242,Tom Sewell,SG,22,WSB,21,87,-2.7,0.265,0.056,0.111,2.5,2.6,2.5,8.8,1.7,0.7,15.6,21.4,,-0.5,0.1,-0.4,-0.201,,-10.9,-1.7,-12.7,-0.2
243,Lonnie Shelton,PF,29,CLE,57,1244,9,0.462,0.014,0.212,7.1,16.1,11.6,10.3,1.7,0.8,15.7,15.2,,-0.4,1.3,0.9,0.036,,-3.4,0.4,-3,-0.3
244,Purvis Short,SF,27,GSW,78,3081,18.9,0.533,0.084,0.344,5.3,9.6,7.2,12.3,1.8,0.5,10.5,29.1,,5.4,0.8,6.2,0.097,,2.5,-1.9,0.6,2
245,Jerry Sichting,PG,28,IND,70,1808,13.6,0.567,0.059,0.205,1.4,5.3,3.3,20.8,1.2,0.1,13,17,,2.5,1,3.5,0.094,,0,-0.8,-0.8,0.5
246,Jack Sikma*,C,29,SEA,68,2402,20.4,0.564,0.011,0.417,7.9,27,17.4,18.6,1.7,2.2,12.5,22.2,,4.6,3.7,8.3,0.166,,2.4,2,4.4,3.9
247,Charlie Sitton,SF,22,DAL,43,304,8,0.433,0.021,0.266,8.8,13.8,11.2,11.1,1.1,1.1,15.3,17.1,,-0.2,0.3,0.1,0.008,,-4.7,-0.6,-5.3,-0.2
248,Tom Sluby,SG,22,DAL,31,151,12.2,0.543,0.034,0.362,3.7,5.4,4.5,15.2,1,0,14.1,21.7,,0.1,0.1,0.2,0.052,,-1.9,-1.4,-3.4,0
249,Derek Smith,SG,23,LAC,80,2762,19.1,0.592,0.015,0.397,7.2,9.8,8.6,12.1,1.3,1,13.4,25.4,,6.3,1.7,8,0.139,,2,-0.6,1.4,2.4
250,Larry Smith,PF,27,GSW,80,2497,15.1,0.553,0,0.371,16.7,22.8,19.5,5.2,1.5,1.2,16.6,15.1,,3.1,1.6,4.7,0.09,,0.2,-1.8,-1.6,0.2
251,Robert Smith,PG,29,CLE,7,48,6.2,0.374,0.235,0.588,0,9,4.5,18.4,2,0,12.3,20.4,,-0.1,0,0,-0.034,,-5.5,-0.1,-5.6,0
252,Ricky Sobers,SG,32,SEA,71,1490,11.3,0.501,0.045,0.258,2.1,5.9,4,26.3,1.6,0.3,18.4,24.1,,-0.9,1,0.1,0.002,,-2.3,-1.3,-3.7,-0.6
253,Rory Sparrow,PG,26,NYK,79,2292,14.3,0.539,0.047,0.213,1.9,6.8,4.3,33.6,1.7,0.2,17.2,15.8,,3.1,1.2,4.3,0.091,,0.8,-0.9,-0.1,1.1
254,Larry Spriggs,PF,25,LAL,75,1292,11.9,0.598,0.008,0.412,7.5,12.1,10,12,1.7,0.5,21.6,16.7,,1.2,1.4,2.6,0.095,,-1.7,-0.1,-1.7,0.1
255,Terence Stansbury,SG,23,IND,74,1278,10.3,0.512,0.055,0.275,3.2,6.2,4.7,13.8,1.7,0.5,13.5,18.3,,0.5,1,1.5,0.056,,-3.2,-0.2,-3.4,-0.5
256,Brook Steppe,SG,25,DET,54,486,13.1,0.565,0.006,0.584,5.1,7.2,6.1,9.3,1.5,0.5,16.1,21.1,,0.6,0.4,1,0.097,,-1.4,-0.5,-1.9,0
257,Steve Stipanovich,C,24,IND,82,2315,15.9,0.544,0.013,0.427,6.4,21.7,14,12.2,1.4,1.9,15.1,20.7,,2,3,5,0.104,,0,0.8,0.8,1.6
258,John Stockton*,PG,22,UTA,82,1490,13.3,0.548,0.033,0.58,1.9,5.4,3.6,35.9,3.3,0.4,26.4,15.1,,0.8,2.3,3.1,0.1,,-1.7,1.6,-0.1,0.7
259,Jon Sundvold,PG,23,SEA,73,1150,9.8,0.47,0.095,0.148,1.7,5.3,3.5,26.2,1.5,0,16.6,18.6,,-0.5,0.7,0.2,0.008,,-2.9,-1.6,-4.5,-0.7
260,Dane Suttle,SG,23,KCK,6,24,14.3,0.504,0.077,0.154,0,14.1,7.1,12.3,1.9,0,6.7,24.5,,0,0,0,0.072,,-1.8,-0.1,-2,0
261,Terry Teagle,SG,24,TOT,21,349,15.5,0.574,0.029,0.255,6.5,7.4,6.9,6,1.7,0.8,9,18.8,,0.7,0.1,0.7,0.103,,0.9,-1.5,-0.6,0.1
261,Terry Teagle,SG,24,DET,2,5,-7.1,0.5,0,0,0,0,0,0,0,0,33.3,23,,0,0,0,-0.213,,-13.1,-2.9,-15.9,0
261,Terry Teagle,SG,24,GSW,19,344,15.9,0.575,0.03,0.259,6.6,7.5,7,6.1,1.8,0.8,8.5,18.7,,0.7,0.1,0.8,0.108,,1.1,-1.5,-0.3,0.1
262,Reggie Theus,SG,27,KCK,82,2543,17,0.559,0.037,0.376,4.8,7.3,6.1,35.3,1.7,0.4,20.4,23.4,,3.7,0.9,4.6,0.086,,2.3,-1.6,0.7,1.7
263,Peter Thibeaux,SF,23,GSW,51,461,11.7,0.515,0.01,0.344,6.5,10.6,8.4,5.4,1.1,2.1,13.2,22,,0.1,0.1,0.3,0.027,,-3.2,-1.9,-5.1,-0.4
264,David Thirdkill,SF,24,TOT,18,183,5.8,0.55,0.026,0.5,6,4.2,5,2.6,1.3,0.9,23.2,12.9,,-0.1,0.1,0,0.012,,-4.1,-0.7,-4.8,-0.1
264,David Thirdkill,SF,24,DET,10,115,2,0.521,0.043,0.478,3.5,3.8,3.6,1,1.2,1,30.1,13.3,,-0.2,0.1,-0.1,-0.054,,-6.5,-0.5,-7.1,-0.1
264,David Thirdkill,SF,24,MIL,6,16,15.4,0.717,0,0.5,7,6.9,6.9,0,0,0,0,12.4,,0.1,0,0.1,0.195,,2.6,-1.1,1.5,0
264,David Thirdkill,SF,24,SAS,2,52,11.1,0.55,0,0.545,11.2,4.2,7.6,6.9,1.8,1.1,12.8,12,,0.1,0,0.1,0.103,,-0.9,-0.9,-1.8,0
265,Isiah Thomas*,PG,23,DET,81,3089,22.2,0.529,0.08,0.35,3.7,8.7,6.1,47.9,2.8,0.4,15.7,24,,7.5,3.6,11.2,0.173,,5.1,1.2,6.3,6.5
266,Jim Thomas,SG,24,IND,80,2059,13,0.534,0.058,0.322,3.8,9.7,6.7,15.9,1.7,0.1,13.6,18.3,,1.8,1.7,3.5,0.081,,-1.1,-0.1,-1.1,0.5
267,Bernard Thompson,SF,22,POR,59,535,9.5,0.42,0.038,0.241,7.8,8.1,8,12.4,2.7,1,13,20,,-0.3,0.6,0.2,0.022,,-3.8,-0.2,-4,-0.3
268,LaSalle Thompson,C,23,KCK,82,2458,15.6,0.579,0,0.453,12.8,26.7,19.8,6.8,1.8,2.9,19.5,16.6,,2.3,3,5.3,0.103,,-0.3,0.6,0.3,1.4
269,Mychal Thompson,PF,30,POR,79,2616,17.5,0.554,0,0.404,9.1,17.3,13.2,11,1.4,2.2,15,23.3,,2.9,3.1,6.1,0.111,,1,-0.3,0.7,1.8
270,Paul Thompson,SF,23,TOT,49,942,13.4,0.455,0.065,0.19,6.6,11.7,9.1,12.1,2.8,1.5,10.3,23.7,,-0.2,1.3,1.1,0.056,,-1.3,1.3,0,0.5
270,Paul Thompson,SF,23,CLE,33,715,13.6,0.46,0.065,0.15,5.5,12.1,8.8,12.1,2.7,1.5,10,23.6,,-0.2,0.9,0.7,0.047,,-1,1.4,0.5,0.5
270,Paul Thompson,SF,23,MIL,16,227,12.8,0.442,0.067,0.324,10.3,10.2,10.3,12.3,3.2,1.3,11.1,24.2,,0,0.4,0.4,0.083,,-2.5,1,-1.6,0
271,Otis Thorpe,PF,22,KCK,82,1918,16.6,0.62,0.003,0.542,11.2,21.8,16.5,8.1,0.8,1.1,18.1,21.3,,2.8,1.3,4,0.1,,0.4,-1.3,-1,0.5
272,Sedale Threatt,PG,23,PHI,82,1304,10.2,0.489,0.053,0.216,1.8,6.7,4.3,18.5,2.9,0.7,17.9,17.1,,-0.1,1.4,1.3,0.047,,-3,1,-2.1,0
273,Andrew Toney,SG,27,PHI,70,2237,16.2,0.582,0.115,0.388,1.8,7.1,4.5,24.3,1.4,0.6,17.3,23.3,,4,1.5,5.5,0.118,,1.7,-1.3,0.4,1.4
274,Linton Townes,SF,25,SAS,1,8,-11.4,0.145,0,0.333,14.6,0,7.1,0,0,0,0,34.5,,-0.1,0,-0.1,-0.403,,-16.6,-13.3,-29.9,-0.1
275,Kelly Tripucka,SF,25,DET,55,1675,16.7,0.548,0.006,0.347,3.9,9.9,6.8,11,1.3,0.5,11,24.6,,2.8,1.4,4.2,0.121,,1,-0.5,0.5,1
276,Trent Tucker,SG,25,NYK,77,1819,12.6,0.521,0.119,0.079,4.6,7.5,6,15.5,2,0.5,9.3,15.7,,2.1,1.2,3.3,0.086,,0,0.2,0.2,1
277,Elston Turner,SF,25,DEN,81,1491,10.9,0.497,0.015,0.168,5.9,9.8,7.7,12.4,2.9,0.3,14.4,12.3,,0.8,1.5,2.3,0.075,,-1.7,1.1,-0.6,0.5
278,Jeff Turner,PF,22,NJN,72,1429,7.4,0.504,0.008,0.244,6.7,10.5,8.6,9.4,1,0.3,17.7,14.3,,0.2,1,1.2,0.04,,-3.9,-0.9,-4.8,-1
279,Melvin Turpin,C,24,CLE,79,1949,13.1,0.541,0,0.195,8.6,16.5,12.6,2.7,0.9,2.5,13.3,18.3,,1.1,2,3.1,0.075,,-1.4,-0.3,-1.7,0.2
280,Terry Tyler,SF,28,DET,82,2004,14.6,0.516,0.009,0.173,7.4,14.9,11,4.1,1.1,2.5,7.6,19.1,,2.2,2.3,4.5,0.108,,-0.2,0.2,0,1
281,Darnell Valentine,PG,25,POR,75,2278,15.1,0.541,0.003,0.427,2.7,8.1,5.4,28.9,2.9,0.1,19.4,17.4,,2.6,2.4,5,0.106,,0.1,0.5,0.6,1.5
282,Kiki Vandeweghe,SF,26,POR,72,2502,18,0.603,0.028,0.356,3.3,6.9,5.1,6.2,0.7,0.5,8,23.1,,7.2,1.2,8.4,0.161,,2.5,-2.1,0.4,1.5
283,Pete Verhoeven,PF,25,KCK,54,366,8.6,0.517,0,0.231,8.8,10.8,9.8,5.9,1.9,1,14.4,15,,0.2,0.2,0.4,0.053,,-3.9,-0.1,-4,-0.2
284,Jay Vincent,PF,25,DAL,79,2543,18,0.545,0.004,0.369,8.1,23.8,15.8,9.7,0.9,0.5,11.4,24.6,,4,2.6,6.5,0.123,,0.9,-1.2,-0.2,1.1
285,Danny Vranes,SF,26,SEA,76,2163,8.3,0.48,0.01,0.316,8.3,15.1,11.7,9.4,1.7,1.5,20.6,11.2,,-0.6,2.4,1.8,0.039,,-3.4,1.2,-2.2,-0.1
286,Granville Waiters,C,24,IND,62,703,8.5,0.469,0.005,0.263,8.5,17.1,12.8,5.6,1,3.5,20.6,14.9,,-0.6,0.9,0.2,0.015,,-4.5,0.7,-3.8,-0.3
287,Darrell Walker,PG,23,NYK,82,2489,14.7,0.483,0.017,0.351,5.8,7.2,6.5,23.6,3.2,0.5,15.2,22.4,,0.5,2.3,2.8,0.054,,0,0.6,0.6,1.7
288,Bill Walton*,C,32,LAC,67,1647,17.8,0.558,0.004,0.393,11.7,28.1,20.2,13,1.4,4.6,22.3,19.3,,0.6,2.7,3.3,0.097,,-0.2,2.4,2.2,1.7
289,Bryan Warrick,PG,25,LAC,58,713,10.5,0.543,0.023,0.329,1.6,7.2,4.5,27.7,1.5,0.5,26.1,15.3,,0.2,0.4,0.5,0.035,,-2.6,-0.7,-3.3,-0.2
290,Scott Wedman,SF,32,BOS,78,1127,12.7,0.515,0.074,0.12,5.9,9.5,7.8,11.1,1,0.5,8.8,19.2,,1.2,1,2.2,0.093,,-0.4,-0.9,-1.2,0.2
291,Mark West,C,24,TOT,66,888,9,0.549,0.005,0.448,11,19.6,15.3,2.2,0.7,3.1,20.3,13.2,,0.1,1,1.1,0.059,,-4.7,0.4,-4.3,-0.5
291,Mark West,C,24,MIL,1,6,-7.7,0.532,0,2,18.6,0,9.2,0,0,9.9,51.5,26.3,,0,0,0,-0.207,,-23.6,0.9,-22.8,0
291,Mark West,C,24,CLE,65,882,9.1,0.549,0.005,0.44,10.9,19.8,15.3,2.2,0.7,3,19.8,13.1,,0.1,1,1.1,0.06,,-4.5,0.3,-4.2,-0.5
292,Ennis Whatley,PG,22,CHI,70,1385,11.3,0.497,0.029,0.275,2.9,5.5,4.2,35.7,2.3,0.4,29.1,14.9,,-0.1,0.9,0.8,0.029,,-0.7,-1,-1.7,0.1
293,Rory White,PF,25,LAC,80,1106,10.4,0.562,0,0.466,9.7,9.8,9.8,4,1.5,1,20.6,15.6,,0.3,0.7,1,0.045,,-2,-0.5,-2.5,-0.2
294,Willie White,SG,22,DEN,39,234,10.5,0.469,0.089,0.25,6.4,10.2,8.2,16.4,1,0.5,17.9,27.1,,-0.3,0.1,-0.2,-0.035,,-2.8,-3.5,-6.2,-0.3
295,Jerome Whitehead,C,28,GSW,79,2536,12.6,0.553,0,0.285,8.9,19.5,13.7,2.9,0.8,1,13.2,16.5,,2.7,0.9,3.6,0.069,,-1.5,-2,-3.5,-0.9
296,Mitchell Wiggins,SG,25,HOU,82,1575,14,0.516,0.035,0.199,7.8,8.9,8.3,10.2,2.5,0.5,11.2,20.2,,1.7,1.8,3.5,0.107,,-0.8,0.6,-0.2,0.7
297,Jamaal Wilkes*,SF,31,LAL,42,761,11,0.523,0.003,0.218,5.8,8.1,7,6.7,1.2,0.2,12.9,20.2,,0.3,0.5,0.9,0.056,,-1.9,-1.7,-3.7,-0.3
298,Dominique Wilkins*,SF,25,ATL,81,3023,20.9,0.514,0.043,0.319,8.3,11.8,10.1,11.3,2.1,1,9.4,32.5,,4.1,3.5,7.6,0.121,,3.1,-0.9,2.2,3.2
299,Eddie Lee Wilkins,C,22,NYK,54,917,9.5,0.52,0.009,0.524,10.6,22.9,16.6,2.4,1.1,1.1,18.3,15.8,,-0.2,1,0.8,0.043,,-4,-1.3,-5.3,-0.8
300,Jeff Wilkins,C,29,UTA,79,1505,11.6,0.511,0.002,0.137,5.5,19.3,12.6,7.8,1.1,0.6,12.8,18.7,,-0.1,2.4,2.3,0.074,,-2.8,0.1,-2.7,-0.3
301,Dale Wilkinson,SF-PF,24,TOT,12,45,-1.3,0.367,0.063,0.438,2.5,7.2,4.8,5.6,0,0,17.3,20.8,,-0.1,0,-0.1,-0.124,,-10.2,-3.8,-14,-0.1
301,Dale Wilkinson,PF,24,DET,2,7,-10.9,0,0,0,0,15.6,7.4,0,0,0,0,11,,0,0,0,-0.197,,-16,-3.3,-19.3,0
301,Dale Wilkinson,SF,24,LAC,10,38,0.5,0.41,0.071,0.5,3,5.6,4.4,6.7,0,0,19,22.6,,-0.1,0,-0.1,-0.11,,-9.1,-3.9,-13,-0.1
302,Buck Williams,PF,24,NJN,82,3182,16.7,0.562,0.004,0.494,11,24.8,17.7,7.1,0.9,2,15.2,19.8,,3.7,4,7.7,0.116,,0.4,-0.6,-0.3,1.4
303,Gus Williams,PG,31,WSB,79,2960,17.3,0.482,0.119,0.233,2.6,4.7,3.6,30.5,2.9,0.6,11.5,26,,1.2,3.9,5.1,0.083,,1.6,0.4,2.1,3.1
304,Guy Williams,SF,24,WSB,21,119,14.7,0.468,0.063,0.079,13.6,11.4,12.5,11.7,2,1,10.9,25.6,,0,0.2,0.1,0.05,,-0.8,-0.5,-1.3,0
305,Herb Williams,C,26,IND,75,2557,15.5,0.505,0.007,0.282,6.3,20,13.1,15,1,2.9,16.3,25,,-1,3.1,2.2,0.041,,-0.4,0.4,0,1.3
306,Kevin Williams,SG,23,CLE,46,413,9.7,0.503,0.037,0.478,5,11.5,8.3,20,2.5,0.5,23.2,20.5,,-0.3,0.4,0.1,0.017,,-4.6,0.8,-3.8,-0.2
307,Ray Williams,PG,30,BOS,23,459,10.9,0.45,0.161,0.322,4,9.4,6.9,23.8,3.1,0.6,20.5,18.2,,-0.2,0.6,0.4,0.042,,-2.8,1.2,-1.6,0.1
308,Sam Williams,PF,25,PHI,46,488,6.9,0.427,0.007,0.318,8.9,15.6,12.3,3,2.5,3.1,20.7,17.6,,-0.8,0.7,-0.1,-0.008,,-6,0.4,-5.6,-0.4
309,Sly Williams,SF,27,ATL,34,867,12.9,0.48,0.039,0.324,5.8,15.3,10.6,16.1,1.6,0.5,15.2,24.3,,-0.4,1,0.5,0.03,,-1.1,-0.5,-1.6,0.1
310,Kevin Willis,PF,22,ATL,82,1785,12.9,0.497,0.013,0.262,11,20.9,16,2.9,0.8,1.5,11.9,20.2,,0.4,2.2,2.7,0.072,,-2.3,-1.4,-3.8,-0.8
311,Michael Wilson,SG,25,TOT,19,267,13.3,0.533,0,0.468,5.7,7.1,6.4,17.4,2.5,1.1,17.7,17,,0.2,0.2,0.4,0.079,,-0.2,1.1,0.9,0.2
311,Michael Wilson,SG,25,CLE,11,175,15.5,0.573,0,0.556,6.2,4.9,5.6,19,2.7,0.9,18.2,18.9,,0.2,0.2,0.4,0.104,,1.1,1.2,2.2,0.2
311,Michael Wilson,SG,25,NJN,8,92,9.3,0.429,0,0.261,4.7,11.3,7.9,14.5,2.1,1.3,16.3,13.4,,0,0.1,0.1,0.033,,-2.7,1.1,-1.6,0
312,Othell Wilson,PG,23,GSW,74,1260,10.8,0.501,0.055,0.261,2.9,9.3,5.8,22.2,2.8,0.5,22.6,13.1,,0.1,0.7,0.7,0.028,,-2.1,0.3,-1.8,0.1
313,Randy Wittman,SG,25,ATL,41,1168,11.2,0.549,0.02,0.116,1.5,5.3,3.4,15.1,1.2,0.3,13.3,15.1,,0.9,0.7,1.6,0.065,,-1.4,-0.6,-1.9,0
314,Al Wood,SG,26,SEA,80,2545,14.3,0.521,0.031,0.202,4.5,8.2,6.4,14.7,1.6,1.2,9.4,21,,2.2,2.1,4.2,0.08,,0,-0.1,-0.1,1.2
315,Leon Wood,PG,22,PHI,38,269,9.1,0.419,0.224,0.194,1.3,6.2,3.8,24.5,1.4,0,14.7,25.5,,-0.3,0.2,-0.2,-0.029,,-3.3,-2.5,-5.7,-0.3
316,Mike Woodson,SG,26,KCK,78,1998,17.5,0.548,0.02,0.309,4,7.3,5.7,10.8,2.7,0.8,10.3,26.7,,3,1.2,4.2,0.101,,0.6,-0.3,0.3,1.1
317,Orlando Woolridge,SF,25,CHI,77,2816,19.5,0.608,0.004,0.425,6.7,11.1,8.9,7.6,1,0.8,10.9,24.2,,7.4,1.6,9,0.153,,3.1,-1.6,1.5,2.5
318,James Worthy*,SF,23,LAL,80,2696,17,0.601,0.007,0.23,7.9,13.2,10.8,9.6,1.5,1.3,14.4,20.6,,4.6,2.9,7.5,0.134,,1.7,-0.1,1.6,2.5
319,Danny Young,PG,22,SEA,3,26,0.5,0.2,0.1,0,0,13.4,6.7,10.2,5.6,0,16.7,19.3,,-0.2,0,-0.1,-0.188,,-9.9,3.8,-6.1,0
320,Michael Young,SF,24,PHO,2,11,5.8,0.333,0.167,0,10.5,10.1,10.3,0,0,0,0,22.2,,0,0,0,-0.072,,-2.5,-5.6,-8,0